<?xml version="1.0" encoding="UTF-8"?>
<service id="data-service" 
    class="flex.data.DataService">

    <adapters>
        <adapter-definition id="actionscript" class="flex.data.adapters.ASObjectAdapter" default="true"/>
        <adapter-definition id="java-dao" class="flex.data.adapters.JavaAdapter"/>
    </adapters>
<default-channels>
	<channel ref="my-rtmp" />	
</default-channels>
    <destination id="sql-bookDest">
    <adapter ref="java-dao" />
        <properties>
            <use-transactions>true</use-transactions>
            <source>flex.data.assemblers.SQLAssembler</source>
            <scope>application</scope>
            <metadata>
                <identity property="BOOK_ID"/>
            </metadata>
            <network>
                <session-timeout>20</session-timeout>
                <paging enabled="false" pageSize="10" />
                <throttle-inbound policy="ERROR" max-frequency="500"/>
                <throttle-outbound policy="REPLACE" max-frequency="500"/>
            </network>
            <server>
            	<database>
            		<driver-class>org.hsqldb.jdbcDriver</driver-class>
            		<url>jdbc:hsqldb:file:C:/database/FOEDBookArchive</url>
            		<username>sa</username>
			<password></password>
			<login-timeout>15</login-timeout>
		</database>
			 	<actionscript-class>vo.Book</actionscript-class>
		<fill>
       			<name>all</name>
       			<sql>SELECT * FROM BOOKS ORDER BY TITLE</sql>
     		</fill>
     		
		<create-item>
     			<sql>INSERT INTO BOOKS (TITLE,ISBN,PUBDATE,AUTHOR,DESCRIPTION,IMAGEPATH) VALUES (#TITLE#, #ISBN#, #PUBDATE#, #AUTHOR#, #DESCRIPTION#, #IMAGEPATH#)</sql>
     			<id-query>CALL IDENTITY()</id-query>
     		</create-item>
     		
		<update-item>
     			<sql>UPDATE BOOKS SET TITLE=#TITLE#, ISBN=#ISBN#, PUBDATE=#PUBDATE#, AUTHOR=#AUTHOR#, DESCRIPTION=#DESCRIPTION#,IMAGEPATH=#IMAGEPATH# WHERE BOOK_ID=#_PREV.BOOK_ID#</sql>     					
     			</update-item>
     		<delete-item>
     			<sql>DELETE FROM BOOKS WHERE BOOK_ID=#BOOK_ID#</sql>
     		</delete-item>
     		<count>
     			<name>all</name>
     			<sql>SELECT count(*) FROM BOOKS</sql>
     		</count>            	
            </server>
	</properties>    
    </destination>  
</service>
