<?xml version="1.0" encoding="UTF-8"?>
<service id="message-service" 
    class="flex.messaging.services.MessageService">

    <adapters>
        <adapter-definition id="actionscript" class="flex.messaging.services.messaging.adapters.ActionScriptAdapter" default="true" />
        <adapter-definition id="jms" class="flex.messaging.services.messaging.adapters.JMSAdapter"/>
    </adapters>
	<destination id="simpleChatDest">
	    <channels>
        	<channel ref="my-rtmp" />
	    </channels>
	</destination>

</service>