<gallery>
	<photo file="galah.jpg" location="Cervantes, Western Australia" caption="Pink and grey galah">
		Galahs are one of the most common cockatoos in Australia. They are found almost everywhere in the continent and are about 35cm long. They are very loud birds, showing little fear of man. 
	</photo>
	<photo file="kingscanyon.jpg" location="Northern Territory" caption="Kings Canyon">
		Kings Canyon is 323km south of Alice Springs. Its walls are over 100 metres high, above Kings Creek. The canyon was featured in the film Priscilla Queen of the Desert. 
	</photo>
	<photo file="olgas.jpg" location="Uluru, Northern Territory" caption="The Olgas">
		The Olgas (Kata Tjuta) are large rock formations covering almost 22 square kilometres of land near Ulurua (Ayers Rock). The name means 'many heads' and the site is sacred to the local inhabitants. 
	</photo>
	<photo file="operahouse.jpg" location="Sydney, New South Wales" caption="Sydney Opera House">
		The Sydney Opera House is one of the iconic sights of Australia. Completed in 1973, the Opera House is located close to Sydney Harbour Bridge. It is the home of the Sydney Symphony Orchestra.
	</photo>
	<photo file="pinnacles.jpg" location="Cervantes, Western Australia" caption="The Pinnacles">
		The Pinnacles desert is famous for its limestone rock formations. It is contained within the Nambung National Park located near the Indian Ocean.
	</photo>
	<photo file="stromatolites.jpg" location="Cervantes, Western Australia" caption="Stromatolites">
		Stromatolites are the oldest living organism on the planet and some scientists believe they were one of the first life forms to exist. Stromatolites are formed through the activity of primitive unicellular organisms such as algae. Over time, they grow through sediment and sand resulting in layers which harden to form rock over time.
	</photo>		
	<photo file="uluru_sunrise.jpg" location="Uluru, Northern Territory" caption="Sunrise at Uluru">
		Uluru, also known as Ayers Rock, is a large sandstone rock located in the Northern Territory. It is sacred to the local inhabitants and measures almost 10 kilometres in circumference. It stands at 348 metres above sea level or 1,42 feet high. 
	</photo>
</gallery>