<?xml version="1.0" encoding="UTF-8"?>
<countries>
  <country>
    <countryName>Australia</countryName>
    <hemisphere>Southern</hemisphere>
    <population>20,000,000 approx</population>
    <capital>Canberra</capital>
    <areaSqKM>7,692,024</areaSqKM>
    <areaSqMiles>2,969,906</areaSqMiles>
  </country>
  <country>
    <countryName>United Kingdom</countryName>
    <hemisphere>Northern</hemisphere>
    <population>60,000,000 approx</population>
    <capital>London</capital>
    <areaSqKM>242,910</areaSqKM>
    <areaSqMiles>93,788</areaSqMiles>
  </country>
  <country>
    <countryName>United States</countryName>
    <hemisphere>Northern</hemisphere>
    <population>296,000,000 approx</population>
    <capital>Washington, D.C.</capital>
    <areaSqKM>9,826,630</areaSqKM>
    <areaSqMiles>3,794,083</areaSqMiles>
  </country>
</countries>